[{"line":1,"elements":[{"start_timestamp":"2023-08-23T07:39:34.097Z","before":[{"result":{"duration":1000900,"status":"passed"},"match":{"location":"StepDefination.HookClass.amBefore()"}}],"line":3,"name":"Create the org with mandatory file","description":"","id":"vtigerorgnazationmodule;create-the-org-with-mandatory-file","after":[{"result":{"status":"passed"},"match":{"location":"StepDefination.HookClass.amAfter()"}}],"type":"scenario","keyword":"Scenario","steps":[{"result":{"error_message":"org.openqa.selenium.remote.http.ConnectionFailedException: Unable to establish websocket connection to http://localhost:49914/devtools/browser/1ef3b540-9b0c-4a09-9fca-eba927cfa030\nBuild info: version: '4.2.2', revision: '683ccb65d6'\nSystem info: host: 'LAPTOP-5O4IFDML', ip: '192.168.29.233', os.name: 'Windows 10', os.arch: 'amd64', os.version: '10.0', java.version: '16.0.1'\nDriver info: driver.version: ChromeDriver\r\n\tat org.openqa.selenium.remote.http.netty.NettyWebSocket.<init>(NettyWebSocket.java:102)\r\n\tat org.openqa.selenium.remote.http.netty.NettyWebSocket.lambda$create$3(NettyWebSocket.java:128)\r\n\tat org.openqa.selenium.remote.http.netty.NettyClient.openSocket(NettyClient.java:106)\r\n\tat org.openqa.selenium.devtools.Connection.<init>(Connection.java:77)\r\n\tat org.openqa.selenium.chromium.ChromiumDriver.lambda$new$2(ChromiumDriver.java:122)\r\n\tat java.base/java.util.Optional.map(Optional.java:260)\r\n\tat org.openqa.selenium.chromium.ChromiumDriver.<init>(ChromiumDriver.java:120)\r\n\tat org.openqa.selenium.chrome.ChromeDriver.<init>(ChromeDriver.java:106)\r\n\tat org.openqa.selenium.chrome.ChromeDriver.<init>(ChromeDriver.java:93)\r\n\tat org.openqa.selenium.chrome.ChromeDriver.<init>(ChromeDriver.java:48)\r\n\tat StepDefination.VTigerorg.launching_the_browser(VTigerorg.java:21)\r\n\tat ✽.Launching the browser(file:///E:/eclipse%20workspace/selenium%20workspace/BDDD.com/./src/test/java/Features/Createorg.feature:4)\r\n","duration":87842889800,"status":"failed"},"line":4,"name":"Launching the browser","match":{"location":"StepDefination.VTigerorg.launching_the_browser()"},"keyword":"Given "},{"result":{"status":"skipped"},"line":5,"name":"Entering the  URL","match":{"location":"StepDefination.VTigerorg.entering_the_url()"},"keyword":"And "},{"result":{"status":"skipped"},"line":6,"name":"In Login Page enter the username and password and then click on login button","match":{"location":"StepDefination.VTigerorg.in_login_page_enter_the_username_and_password_and_then_click_on_login_button()"},"keyword":"And "},{"result":{"duration":3000300,"status":"skipped"},"line":7,"name":"Click on the Org Link","match":{"location":"StepDefination.VTigerorg.click_on_the_org_link()"},"keyword":"When "},{"result":{"status":"skipped"},"line":8,"name":"Click the create org image","match":{"location":"StepDefination.VTigerorg.click_the_create_org_image()"},"keyword":"And "},{"result":{"status":"skipped"},"line":9,"name":"Enter a org name \"Devonic\" and click on the save button","match":{"arguments":[{"val":"\"Devonic\"","offset":17}],"location":"StepDefination.VTigerorg.enter_a_org_name_and_click_on_the_save_button(java.lang.String)"},"keyword":"And "},{"result":{"duration":999300,"status":"skipped"},"line":10,"name":"Verify the org is created or not","match":{"location":"StepDefination.VTigerorg.verify_the_org_is_created_or_not()"},"keyword":"Then "}]}],"name":"VtigerOrgnazationmodule","description":"","id":"vtigerorgnazationmodule","keyword":"Feature","uri":"file:src/test/java/Features/Createorg.feature","tags":[]}]